"module","order","target","source","source_relative"
"00-non-atlas-ui","001","开场 / 开始界面时钟图1","asset-work/assets/images/ui-common/时钟图1.png","asset-work/assets/images/ui-common/时钟图1.png"
"00-non-atlas-ui","002","游戏开始界面时钟图1","asset-work/assets/images/ui-common/时钟图1.png","asset-work/assets/images/ui-common/时钟图1.png"
"00-non-atlas-ui","003","游戏主要过程界面时钟图2","asset-work/assets/images/ui-common/时钟图2.png","asset-work/assets/images/ui-common/时钟图2.png"
"00-non-atlas-ui","004","成就弹窗框","asset-work/assets/images/ui-common/成就框UI.png","asset-work/assets/images/ui-common/成就框UI.png"
"01-runtime-ui-references","001","UIATLAS_003_001_pxui_system_001_草地","render.mjs","UIATLAS_003_系统入口图标/UIATLAS_003_001_pxui_system_001_草地.png"
"01-runtime-ui-references","002","UIATLAS_001_003_pxui_base_003_箭头","render.mjs","UIATLAS_001_基础操作按钮/UIATLAS_001_003_pxui_base_003_箭头.png"
"01-runtime-ui-references","003","UIATLAS_001_009_pxui_base_009_左箭","render.mjs","UIATLAS_001_基础操作按钮/UIATLAS_001_009_pxui_base_009_左箭.png"
"01-runtime-ui-references","004","UIATLAS_001_018_pxui_base_018_叉","render.mjs","UIATLAS_001_基础操作按钮/UIATLAS_001_018_pxui_base_018_叉.png"
"01-runtime-ui-references","005","UIATLAS_003_010_pxui_system_010_存档","render.mjs","UIATLAS_003_系统入口图标/UIATLAS_003_010_pxui_system_010_存档.png"
"01-runtime-ui-references","006","UIATLAS_003_011_pxui_system_011_齿轮","render.mjs","UIATLAS_003_系统入口图标/UIATLAS_003_011_pxui_system_011_齿轮.png"
"01-runtime-ui-references","007","UIATLAS_003_024_pxui_system_024_太阳","render.mjs","UIATLAS_003_系统入口图标/UIATLAS_003_024_pxui_system_024_太阳.png"
"01-runtime-ui-references","008","UIATLAS_003_023_pxui_system_023_月亮","render.mjs","UIATLAS_003_系统入口图标/UIATLAS_003_023_pxui_system_023_月亮.png"
"01-runtime-ui-references","009","UIATLAS_003_028_pxui_system_028_展板","render.mjs","UIATLAS_003_系统入口图标/UIATLAS_003_028_pxui_system_028_展板.png"
"01-runtime-ui-references","010","UIATLAS_003_027_pxui_system_027_日记本","render.mjs","UIATLAS_003_系统入口图标/UIATLAS_003_027_pxui_system_027_日记本.png"
"01-runtime-ui-references","011","UIATLAS_003_008_pxui_system_008_书","render.mjs","UIATLAS_003_系统入口图标/UIATLAS_003_008_pxui_system_008_书.png"
"01-runtime-ui-references","012","UIATLAS_003_013_pxui_system_013_图纸","render.mjs","UIATLAS_003_系统入口图标/UIATLAS_003_013_pxui_system_013_图纸.png"
"01-runtime-ui-references","013","UIATLAS_003_009_pxui_system_009_领奖台","render.mjs","UIATLAS_003_系统入口图标/UIATLAS_003_009_pxui_system_009_领奖台.png"
"01-runtime-ui-references","014","UIATLAS_003_007_pxui_system_007_奖杯","render.mjs","UIATLAS_003_系统入口图标/UIATLAS_003_007_pxui_system_007_奖杯.png"
"01-runtime-ui-references","015","UIATLAS_003_032_pxui_system_032_毕业穗","render.mjs","UIATLAS_003_系统入口图标/UIATLAS_003_032_pxui_system_032_毕业穗.png"
"01-runtime-ui-references","016","UIATLAS_003_031_pxui_system_031_毕业帽","render.mjs","UIATLAS_003_系统入口图标/UIATLAS_003_031_pxui_system_031_毕业帽.png"
"01-runtime-ui-references","017","UIATLAS_003_030_pxui_system_030_本子钢","render.mjs","UIATLAS_003_系统入口图标/UIATLAS_003_030_pxui_system_030_本子钢.png"
"01-runtime-ui-references","018","UIATLAS_003_042_pxui_system_043_齿轮","render.mjs","UIATLAS_003_系统入口图标/UIATLAS_003_042_pxui_system_043_齿轮.png"
"01-runtime-ui-references","019","UIATLAS_003_039_pxui_system_040_事件记","render.mjs","UIATLAS_003_系统入口图标/UIATLAS_003_039_pxui_system_040_事件记.png"
"01-runtime-ui-references","020","UIATLAS_003_040_pxui_system_041_思想者","render.mjs","UIATLAS_003_系统入口图标/UIATLAS_003_040_pxui_system_041_思想者.png"
"01-runtime-ui-references","021","UIATLAS_003_041_pxui_system_042_建筑学","render.mjs","UIATLAS_003_系统入口图标/UIATLAS_003_041_pxui_system_042_建筑学.png"
"01-runtime-ui-references","022","UIATLAS_003_022_pxui_system_022_箭头","render.mjs","UIATLAS_003_系统入口图标/UIATLAS_003_022_pxui_system_022_箭头.png"
"01-runtime-ui-references","023","UIATLAS_003_021_pxui_system_021_咖啡","render.mjs","UIATLAS_003_系统入口图标/UIATLAS_003_021_pxui_system_021_咖啡.png"
"01-runtime-ui-references","024","UIATLAS_003_020_pxui_system_020_建筑学","render.mjs","UIATLAS_003_系统入口图标/UIATLAS_003_020_pxui_system_020_建筑学.png"
"01-runtime-ui-references","025","UIATLAS_003_025_pxui_system_025_地球","render.mjs","UIATLAS_003_系统入口图标/UIATLAS_003_025_pxui_system_025_地球.png"
"01-runtime-ui-references","026","UIATLAS_003_036_pxui_system_037_纯蓝色","render.mjs","UIATLAS_003_系统入口图标/UIATLAS_003_036_pxui_system_037_纯蓝色.png"
"01-runtime-ui-references","027","UIATLAS_003_037_pxui_system_038_纯蓝色","render.mjs","UIATLAS_003_系统入口图标/UIATLAS_003_037_pxui_system_038_纯蓝色.png"
"01-runtime-ui-references","028","UIATLAS_003_038_pxui_system_039_纯蓝色","render.mjs","UIATLAS_003_系统入口图标/UIATLAS_003_038_pxui_system_039_纯蓝色.png"
"01-runtime-ui-references","029","UIATLAS_003_006_pxui_system_006_超市手","render.mjs","UIATLAS_003_系统入口图标/UIATLAS_003_006_pxui_system_006_超市手.png"
"01-runtime-ui-references","030","UIATLAS_003_033_pxui_system_033_红旗公","render.mjs","UIATLAS_003_系统入口图标/UIATLAS_003_033_pxui_system_033_红旗公.png"
"01-runtime-ui-references","031","UIATLAS_003_034_pxui_system_034_护照飞","render.mjs","UIATLAS_003_系统入口图标/UIATLAS_003_034_pxui_system_034_护照飞.png"
"01-runtime-ui-references","032","UIATLAS_003_014_pxui_system_014_工牌","render.mjs","UIATLAS_003_系统入口图标/UIATLAS_003_014_pxui_system_014_工牌.png"
"01-runtime-ui-references","033","UIATLAS_003_012_pxui_system_012_作品册","render.mjs","UIATLAS_003_系统入口图标/UIATLAS_003_012_pxui_system_012_作品册.png"
"01-runtime-ui-references","034","UIATLAS_003_015_pxui_system_015_地图远","render.mjs","UIATLAS_003_系统入口图标/UIATLAS_003_015_pxui_system_015_地图远.png"
"01-runtime-ui-references","035","UIATLAS_003_035_pxui_system_035_岔路牌","render.mjs","UIATLAS_003_系统入口图标/UIATLAS_003_035_pxui_system_035_岔路牌.png"
"01-runtime-ui-references","036","UIATLAS_004_001_pxui_action_001_电脑","render.mjs","UIATLAS_004_周行动、项目、评图、模型/UIATLAS_004_001_pxui_action_001_电脑.png"
"01-runtime-ui-references","037","UIATLAS_004_002_pxui_action_002_书","render.mjs","UIATLAS_004_周行动、项目、评图、模型/UIATLAS_004_002_pxui_action_002_书.png"
"01-runtime-ui-references","038","UIATLAS_004_003_pxui_action_003_图纸","render.mjs","UIATLAS_004_周行动、项目、评图、模型/UIATLAS_004_003_pxui_action_003_图纸.png"
"01-runtime-ui-references","039","UIATLAS_004_004_pxui_action_004_地图","render.mjs","UIATLAS_004_周行动、项目、评图、模型/UIATLAS_004_004_pxui_action_004_地图.png"
"01-runtime-ui-references","040","UIATLAS_004_005_pxui_action_005_图板丁","render.mjs","UIATLAS_004_周行动、项目、评图、模型/UIATLAS_004_005_pxui_action_005_图板丁.png"
"01-runtime-ui-references","041","UIATLAS_004_006_pxui_action_006_夜灯","render.mjs","UIATLAS_004_周行动、项目、评图、模型/UIATLAS_004_006_pxui_action_006_夜灯.png"
"01-runtime-ui-references","042","UIATLAS_004_007_pxui_action_007_哑铃","render.mjs","UIATLAS_004_周行动、项目、评图、模型/UIATLAS_004_007_pxui_action_007_哑铃.png"
"01-runtime-ui-references","043","UIATLAS_004_008_pxui_action_008_饭碗饮","render.mjs","UIATLAS_004_周行动、项目、评图、模型/UIATLAS_004_008_pxui_action_008_饭碗饮.png"
"01-runtime-ui-references","044","UIATLAS_004_009_pxui_action_009_床","render.mjs","UIATLAS_004_周行动、项目、评图、模型/UIATLAS_004_009_pxui_action_009_床.png"
"01-runtime-ui-references","045","UIATLAS_004_010_pxui_action_010_合同","render.mjs","UIATLAS_004_周行动、项目、评图、模型/UIATLAS_004_010_pxui_action_010_合同.png"
"01-runtime-ui-references","046","UIATLAS_004_011_pxui_action_011_工牌零","render.mjs","UIATLAS_004_周行动、项目、评图、模型/UIATLAS_004_011_pxui_action_011_工牌零.png"
"01-runtime-ui-references","047","UIATLAS_004_012_pxui_action_012_发光技","render.mjs","UIATLAS_004_周行动、项目、评图、模型/UIATLAS_004_012_pxui_action_012_发光技.png"
"01-runtime-ui-references","048","UIATLAS_002_038_pxui_stat_038_平静笑","render.mjs","UIATLAS_002_状态数值与反馈/UIATLAS_002_038_pxui_stat_038_平静笑.png"
"01-runtime-ui-references","049","UIATLAS_017_044_pxui_random_normal_044_游戏手","render.mjs","UIATLAS_017_普通随机事件图标_01/UIATLAS_017_044_pxui_random_normal_044_游戏手.png"
"01-runtime-ui-references","050","UIATLAS_012_003_pxui_achievement_core_003_草图灯","render.mjs","UIATLAS_012_成长成就图标_01/UIATLAS_012_003_pxui_achievement_core_003_草图灯.png"
"01-runtime-ui-references","051","UIATLAS_012_010_pxui_achievement_core_010_王冠夜","render.mjs","UIATLAS_012_成长成就图标_01/UIATLAS_012_010_pxui_achievement_core_010_王冠夜.png"
"01-runtime-ui-references","052","UIATLAS_002_018_pxui_stat_018_盾牌压","render.mjs","UIATLAS_002_状态数值与反馈/UIATLAS_002_018_pxui_stat_018_盾牌压.png"
"01-runtime-ui-references","053","UIATLAS_002_004_pxui_stat_004_钱袋","render.mjs","UIATLAS_002_状态数值与反馈/UIATLAS_002_004_pxui_stat_004_钱袋.png"
"01-runtime-ui-references","054","UIATLAS_019_008_pxui_random_normal_108_学弟取","render.mjs","UIATLAS_019_普通随机事件图标_03/UIATLAS_019_008_pxui_random_normal_108_学弟取.png"
"01-runtime-ui-references","055","UIATLAS_011_005_pxui_route_005_答题卡","render.mjs","UIATLAS_011_未来方向、岗位、实习、考试/UIATLAS_011_005_pxui_route_005_答题卡.png"
"01-runtime-ui-references","056","UIATLAS_002_001_pxui_stat_001_电池","render.mjs","UIATLAS_002_状态数值与反馈/UIATLAS_002_001_pxui_stat_001_电池.png"
"01-runtime-ui-references","057","UIATLAS_002_006_pxui_stat_006_电池","render.mjs","UIATLAS_002_状态数值与反馈/UIATLAS_002_006_pxui_stat_006_电池.png"
"01-runtime-ui-references","058","UIATLAS_002_002_pxui_stat_002_压力表","render.mjs","UIATLAS_002_状态数值与反馈/UIATLAS_002_002_pxui_stat_002_压力表.png"
"01-runtime-ui-references","059","UIATLAS_002_003_pxui_stat_003_金币","render.mjs","UIATLAS_002_状态数值与反馈/UIATLAS_002_003_pxui_stat_003_金币.png"
"01-runtime-ui-references","060","UIATLAS_002_007_pxui_stat_007_蓝图进","render.mjs","UIATLAS_002_状态数值与反馈/UIATLAS_002_007_pxui_stat_007_蓝图进.png"
"01-runtime-ui-references","061","UIATLAS_002_009_pxui_stat_009_奖章","render.mjs","UIATLAS_002_状态数值与反馈/UIATLAS_002_009_pxui_stat_009_奖章.png"
"01-runtime-ui-references","062","UIATLAS_008_001_pxui_role_036_模型","render.mjs","UIATLAS_008_角色属性图标/UIATLAS_008_001_pxui_role_036_模型.png"
"01-runtime-ui-references","063","UIATLAS_008_002_pxui_role_037_芯片","render.mjs","UIATLAS_008_角色属性图标/UIATLAS_008_002_pxui_role_037_芯片.png"
"01-runtime-ui-references","064","UIATLAS_008_003_pxui_role_038_调色盘","render.mjs","UIATLAS_008_角色属性图标/UIATLAS_008_003_pxui_role_038_调色盘.png"
"01-runtime-ui-references","065","UIATLAS_008_004_pxui_role_039_麦克风","render.mjs","UIATLAS_008_角色属性图标/UIATLAS_008_004_pxui_role_039_麦克风.png"
"01-runtime-ui-references","066","UIATLAS_008_005_pxui_role_040_头像","render.mjs","UIATLAS_008_角色属性图标/UIATLAS_008_005_pxui_role_040_头像.png"
"01-runtime-ui-references","067","UIATLAS_008_006_pxui_role_041_盾牌","render.mjs","UIATLAS_008_角色属性图标/UIATLAS_008_006_pxui_role_041_盾牌.png"
"01-runtime-ui-references","068","UIATLAS_009_001_pxui_shop_001_炸鸡桶","render.mjs","UIATLAS_009_商店商品图标/UIATLAS_009_001_pxui_shop_001_炸鸡桶.png"
"01-runtime-ui-references","069","UIATLAS_009_002_pxui_shop_002_能量饮","render.mjs","UIATLAS_009_商店商品图标/UIATLAS_009_002_pxui_shop_002_能量饮.png"
"01-runtime-ui-references","070","UIATLAS_009_003_pxui_shop_003_眼药水","render.mjs","UIATLAS_009_商店商品图标/UIATLAS_009_003_pxui_shop_003_眼药水.png"
"01-runtime-ui-references","071","UIATLAS_009_004_pxui_shop_004_唱片","render.mjs","UIATLAS_009_商店商品图标/UIATLAS_009_004_pxui_shop_004_唱片.png"
"01-runtime-ui-references","072","UIATLAS_009_005_pxui_shop_005_肩颈按","render.mjs","UIATLAS_009_商店商品图标/UIATLAS_009_005_pxui_shop_005_肩颈按.png"
"01-runtime-ui-references","073","UIATLAS_009_006_pxui_shop_006_咖啡","render.mjs","UIATLAS_009_商店商品图标/UIATLAS_009_006_pxui_shop_006_咖啡.png"
"01-runtime-ui-references","074","UIATLAS_009_007_pxui_shop_007_折叠床","render.mjs","UIATLAS_009_商店商品图标/UIATLAS_009_007_pxui_shop_007_折叠床.png"
"01-runtime-ui-references","075","UIATLAS_009_008_pxui_shop_008_对话气","render.mjs","UIATLAS_009_商店商品图标/UIATLAS_009_008_pxui_shop_008_对话气.png"
"01-runtime-ui-references","076","UIATLAS_009_009_pxui_shop_009_健身会","render.mjs","UIATLAS_009_商店商品图标/UIATLAS_009_009_pxui_shop_009_健身会.png"
"01-runtime-ui-references","077","UIATLAS_009_010_pxui_shop_010_请假纸","render.mjs","UIATLAS_009_商店商品图标/UIATLAS_009_010_pxui_shop_010_请假纸.png"
"01-runtime-ui-references","078","UIATLAS_009_011_pxui_shop_011_速写本","render.mjs","UIATLAS_009_商店商品图标/UIATLAS_009_011_pxui_shop_011_速写本.png"
"01-runtime-ui-references","079","UIATLAS_009_012_pxui_shop_012_马克笔","render.mjs","UIATLAS_009_商店商品图标/UIATLAS_009_012_pxui_shop_012_马克笔.png"
"01-runtime-ui-references","080","UIATLAS_009_013_pxui_shop_013_图纸","render.mjs","UIATLAS_009_商店商品图标/UIATLAS_009_013_pxui_shop_013_图纸.png"
"01-runtime-ui-references","081","UIATLAS_009_014_pxui_shop_014_书","render.mjs","UIATLAS_009_商店商品图标/UIATLAS_009_014_pxui_shop_014_书.png"
"01-runtime-ui-references","082","UIATLAS_009_015_pxui_shop_015_书","render.mjs","UIATLAS_009_商店商品图标/UIATLAS_009_015_pxui_shop_015_书.png"
"01-runtime-ui-references","083","UIATLAS_009_016_pxui_shop_016_齿轮","render.mjs","UIATLAS_009_商店商品图标/UIATLAS_009_016_pxui_shop_016_齿轮.png"
"01-runtime-ui-references","084","UIATLAS_009_017_pxui_shop_017_书","render.mjs","UIATLAS_009_商店商品图标/UIATLAS_009_017_pxui_shop_017_书.png"
"01-runtime-ui-references","085","UIATLAS_009_018_pxui_shop_018_作品集","render.mjs","UIATLAS_009_商店商品图标/UIATLAS_009_018_pxui_shop_018_作品集.png"
"01-runtime-ui-references","086","UIATLAS_009_019_pxui_shop_019_数位板","render.mjs","UIATLAS_009_商店商品图标/UIATLAS_009_019_pxui_shop_019_数位板.png"
"01-runtime-ui-references","087","UIATLAS_009_020_pxui_shop_020_模型","render.mjs","UIATLAS_009_商店商品图标/UIATLAS_009_020_pxui_shop_020_模型.png"
"01-runtime-ui-references","088","UIATLAS_009_021_pxui_shop_021_头戴耳","render.mjs","UIATLAS_009_商店商品图标/UIATLAS_009_021_pxui_shop_021_头戴耳.png"
"01-runtime-ui-references","089","UIATLAS_009_022_pxui_shop_022_人体工","render.mjs","UIATLAS_009_商店商品图标/UIATLAS_009_022_pxui_shop_022_人体工.png"
"01-runtime-ui-references","090","UIATLAS_009_023_pxui_shop_023_人体工","render.mjs","UIATLAS_009_商店商品图标/UIATLAS_009_023_pxui_shop_023_人体工.png"
"01-runtime-ui-references","091","UIATLAS_009_024_pxui_shop_024_高性能","render.mjs","UIATLAS_009_商店商品图标/UIATLAS_009_024_pxui_shop_024_高性能.png"
"03-achievements","001","大学新生","achievement:001","UIATLAS_012_成长成就图标_01/UIATLAS_012_001_pxui_achievement_core_001_书.png"
"03-achievements","002","第一根线","achievement:002","UIATLAS_012_成长成就图标_01/UIATLAS_012_002_pxui_achievement_core_002_丁字尺.png"
"03-achievements","003","设计思考","achievement:003","UIATLAS_012_成长成就图标_01/UIATLAS_012_003_pxui_achievement_core_003_草图灯.png"
"03-achievements","004","新鲜空气","achievement:004","UIATLAS_012_成长成就图标_01/UIATLAS_012_004_pxui_achievement_core_004_地图脚.png"
"03-achievements","005","第一个学期","achievement:005","UIATLAS_012_成长成就图标_01/UIATLAS_012_005_pxui_achievement_core_005_学期日.png"
"03-achievements","006","一年过后","achievement:006","UIATLAS_012_成长成就图标_01/UIATLAS_012_006_pxui_achievement_core_006_学年日.png"
"03-achievements","007","大学毕业之后","achievement:007","UIATLAS_012_成长成就图标_01/UIATLAS_012_007_pxui_achievement_core_007_书.png"
"03-achievements","008","第一次通宵","achievement:008","UIATLAS_012_成长成就图标_01/UIATLAS_012_008_pxui_achievement_core_008_图纸.png"
"03-achievements","009","通宵三次","achievement:009","UIATLAS_012_成长成就图标_01/UIATLAS_012_009_pxui_achievement_core_009_三盏夜.png"
"03-achievements","010","熬夜冠军","achievement:010","UIATLAS_012_成长成就图标_01/UIATLAS_012_010_pxui_achievement_core_010_王冠夜.png"
"03-achievements","011","选课完成","achievement:011","UIATLAS_012_成长成就图标_01/UIATLAS_012_011_pxui_achievement_core_011_课程.png"
"03-achievements","012","学霸来的","achievement:012","UIATLAS_012_成长成就图标_01/UIATLAS_012_012_pxui_achievement_core_012_满分试.png"
"03-achievements","013","第一次评图","achievement:013","UIATLAS_012_成长成就图标_01/UIATLAS_012_013_pxui_achievement_core_013_评图展.png"
"03-achievements","014","幸存者","achievement:014","UIATLAS_012_成长成就图标_01/UIATLAS_012_014_pxui_achievement_core_014_勾.png"
"03-achievements","015","不错的图纸","achievement:015","UIATLAS_012_成长成就图标_01/UIATLAS_012_015_pxui_achievement_core_015_认可展.png"
"03-achievements","016","匠心之作","achievement:016","UIATLAS_012_成长成就图标_01/UIATLAS_012_016_pxui_achievement_core_016_精良展.png"
"03-achievements","017","年少有为","achievement:017","UIATLAS_012_成长成就图标_01/UIATLAS_012_017_pxui_achievement_core_017_星级展.png"
"03-achievements","018","成绩稳定","achievement:018","UIATLAS_012_成长成就图标_01/UIATLAS_012_018_pxui_achievement_core_018_勾.png"
"03-achievements","019","后继有人","achievement:019","UIATLAS_012_成长成就图标_01/UIATLAS_012_019_pxui_achievement_core_019_双星章.png"
"03-achievements","020","一年没挂科","achievement:020","UIATLAS_012_成长成就图标_01/UIATLAS_012_020_pxui_achievement_core_020_无挂科.png"
"03-achievements","021","三年没挂科","achievement:021","UIATLAS_012_成长成就图标_01/UIATLAS_012_021_pxui_achievement_core_021_四学期.png"
"03-achievements","022","挂科初体验","achievement:022","UIATLAS_012_成长成就图标_01/UIATLAS_012_022_pxui_achievement_core_022_红色低.png"
"03-achievements","023","我是后背","achievement:023","UIATLAS_012_成长成就图标_01/UIATLAS_012_023_pxui_achievement_core_023_勾.png"
"03-achievements","024","幸运儿","achievement:024","UIATLAS_012_成长成就图标_01/UIATLAS_012_024_pxui_achievement_core_024_及格线.png"
"03-achievements","025","口若悬河","achievement:025","UIATLAS_012_成长成就图标_01/UIATLAS_012_025_pxui_achievement_core_025_上箭.png"
"03-achievements","026","导师的肯定","achievement:026","UIATLAS_012_成长成就图标_01/UIATLAS_012_026_pxui_achievement_core_026_导师点.png"
"03-achievements","027","连续肯定","achievement:027","UIATLAS_012_成长成就图标_01/UIATLAS_012_027_pxui_achievement_core_027_勾.png"
"03-achievements","028","模型周过关","achievement:028","UIATLAS_012_成长成就图标_01/UIATLAS_012_028_pxui_achievement_core_028_勾.png"
"03-achievements","029","逆风翻盘","achievement:029","UIATLAS_012_成长成就图标_01/UIATLAS_012_029_pxui_achievement_core_029_箭头.png"
"03-achievements","030","有点东西","achievement:030","UIATLAS_012_成长成就图标_01/UIATLAS_012_030_pxui_achievement_core_030_作品集.png"
"03-achievements","031","顶尖水准","achievement:031","UIATLAS_012_成长成就图标_01/UIATLAS_012_031_pxui_achievement_core_031_顶尖作.png"
"03-achievements","032","完美封神","achievement:032","UIATLAS_012_成长成就图标_01/UIATLAS_012_032_pxui_achievement_core_032_皇冠作.png"
"03-achievements","033","投石问路","achievement:033","UIATLAS_012_成长成就图标_01/UIATLAS_012_033_pxui_achievement_core_033_投稿展.png"
"03-achievements","034","三等奖","achievement:034","UIATLAS_012_成长成就图标_01/UIATLAS_012_034_pxui_achievement_core_034_奖杯.png"
"03-achievements","035","二等奖","achievement:035","UIATLAS_012_成长成就图标_01/UIATLAS_012_035_pxui_achievement_core_035_奖杯.png"
"03-achievements","036","一等奖","achievement:036","UIATLAS_012_成长成就图标_01/UIATLAS_012_036_pxui_achievement_core_036_奖杯.png"
"03-achievements","037","渐入佳境","achievement:037","UIATLAS_012_成长成就图标_01/UIATLAS_012_037_pxui_achievement_core_037_奖杯.png"
"03-achievements","038","实习生","achievement:038","UIATLAS_012_成长成就图标_01/UIATLAS_012_038_pxui_achievement_core_038_实习工.png"
"03-achievements","039","第一封 offer","achievement:039","UIATLAS_012_成长成就图标_01/UIATLAS_012_039_pxui_achievement_core_039_录用信.png"
"03-achievements","040","简历成形","achievement:040","UIATLAS_012_成长成就图标_01/UIATLAS_012_040_pxui_achievement_core_040_简历三.png"
"03-achievements","041","设计大师","achievement:041","UIATLAS_012_成长成就图标_01/UIATLAS_012_041_pxui_achievement_core_041_设计三.png"
"03-achievements","042","软件技术大神","achievement:042","UIATLAS_012_成长成就图标_01/UIATLAS_012_042_pxui_achievement_core_042_芯片.png"
"03-achievements","043","艺术家","achievement:043","UIATLAS_012_成长成就图标_01/UIATLAS_012_043_pxui_achievement_core_043_调色盘.png"
"03-achievements","044","演讲高手","achievement:044","UIATLAS_012_成长成就图标_01/UIATLAS_012_044_pxui_achievement_core_044_麦克风.png"
"03-achievements","045","交际花","achievement:045","UIATLAS_012_成长成就图标_01/UIATLAS_012_045_pxui_achievement_core_045_双人对.png"
"03-achievements","046","不吃压力之人","achievement:046","UIATLAS_012_成长成就图标_01/UIATLAS_012_046_pxui_achievement_core_046_盾牌.png"
"03-achievements","047","天命人","achievement:047","UIATLAS_012_成长成就图标_01/UIATLAS_012_047_pxui_achievement_core_047_建筑世.png"
"03-achievements","048","六边形战士","achievement:048","UIATLAS_012_成长成就图标_01/UIATLAS_012_048_pxui_achievement_core_048_徽章.png"
"03-achievements","049","百变人生","achievement:049","UIATLAS_012_成长成就图标_01/UIATLAS_012_049_pxui_achievement_core_049_角色卡.png"
"03-achievements","050","好学生","achievement:050","UIATLAS_012_成长成就图标_01/UIATLAS_012_050_pxui_achievement_core_050_导师卡.png"
"03-achievements","051","强者","achievement:051","UIATLAS_013_成长成就图标_02/UIATLAS_013_001_pxui_achievement_core_051_四项满.png"
"03-achievements","052","AI，你好","achievement:052","UIATLAS_013_成长成就图标_02/UIATLAS_013_002_pxui_achievement_core_052_芯片问.png"
"03-achievements","053","AI职业线","achievement:053","UIATLAS_013_成长成就图标_02/UIATLAS_013_003_pxui_achievement_core_053_产品看.png"
"03-achievements","054","睁眼看世界","achievement:054","UIATLAS_013_成长成就图标_02/UIATLAS_013_004_pxui_achievement_core_054_远行路.png"
"03-achievements","055","忙里偷闲","achievement:055","UIATLAS_013_成长成就图标_02/UIATLAS_013_005_pxui_achievement_core_055_模型.png"
"03-achievements","056","五城游","achievement:056","UIATLAS_013_成长成就图标_02/UIATLAS_013_006_pxui_achievement_core_056_五城地.png"
"03-achievements","057","长征","achievement:057","UIATLAS_013_成长成就图标_02/UIATLAS_013_007_pxui_achievement_core_057_长路线.png"
"03-achievements","058","暑假写生","achievement:058","UIATLAS_013_成长成就图标_02/UIATLAS_013_008_pxui_achievement_core_058_画板.png"
"03-achievements","059","及时补给","achievement:059","UIATLAS_013_成长成就图标_02/UIATLAS_013_009_pxui_achievement_core_059_补给包.png"
"03-achievements","060","理财大师","achievement:060","UIATLAS_013_成长成就图标_02/UIATLAS_013_010_pxui_achievement_core_060_稳定钱.png"
"03-achievements","061","外星人拥有者","achievement:061","UIATLAS_013_成长成就图标_02/UIATLAS_013_011_pxui_achievement_core_061_高性能.png"
"03-achievements","062","AI爱好者","achievement:062","UIATLAS_013_成长成就图标_02/UIATLAS_013_012_pxui_achievement_core_062_电脑.png"
"03-achievements","063","艺术熏陶","achievement:063","UIATLAS_013_成长成就图标_02/UIATLAS_013_013_pxui_achievement_core_063_展览票.png"
"03-achievements","064","头脑风暴","achievement:064","UIATLAS_013_成长成就图标_02/UIATLAS_013_014_pxui_achievement_core_064_草图双.png"
"03-achievements","065","泥腿子","achievement:065","UIATLAS_013_成长成就图标_02/UIATLAS_013_015_pxui_achievement_core_065_泥鞋地.png"
"03-achievements","066","踏破铁鞋","achievement:066","UIATLAS_013_成长成就图标_02/UIATLAS_013_016_pxui_achievement_core_066_磨平鞋.png"
"03-achievements","067","健身爱好者","achievement:067","UIATLAS_013_成长成就图标_02/UIATLAS_013_017_pxui_achievement_core_067_哑铃.png"
"03-achievements","068","铁人","achievement:068","UIATLAS_013_成长成就图标_02/UIATLAS_013_018_pxui_achievement_core_068_奖章.png"
"03-achievements","069","团建积极分子","achievement:069","UIATLAS_013_成长成就图标_02/UIATLAS_013_019_pxui_achievement_core_069_聚餐桌.png"
"03-achievements","070","社交牛杂症","achievement:070","UIATLAS_013_成长成就图标_02/UIATLAS_013_020_pxui_achievement_core_070_社交彩.png"
"03-achievements","071","社恐","achievement:071","UIATLAS_013_成长成就图标_02/UIATLAS_013_021_pxui_achievement_core_071_图纸.png"
"03-achievements","072","躺平","achievement:072","UIATLAS_013_成长成就图标_02/UIATLAS_013_022_pxui_achievement_core_072_枕头.png"
"03-achievements","073","我开摆了","achievement:073","UIATLAS_013_成长成就图标_02/UIATLAS_013_023_pxui_achievement_core_073_躺椅.png"
"03-achievements","074","第一桶金","achievement:074","UIATLAS_013_成长成就图标_02/UIATLAS_013_024_pxui_achievement_core_074_金币.png"
"03-achievements","075","卷王","achievement:075","UIATLAS_013_成长成就图标_02/UIATLAS_013_025_pxui_achievement_core_075_合同.png"
"03-achievements","076","印钞机","achievement:076","UIATLAS_013_成长成就图标_02/UIATLAS_013_026_pxui_achievement_core_076_金币.png"
"03-achievements","077","勤工俭学","achievement:077","UIATLAS_013_成长成就图标_02/UIATLAS_013_027_pxui_achievement_core_077_兼职工.png"
"03-achievements","078","特种兵","achievement:078","UIATLAS_013_成长成就图标_02/UIATLAS_013_028_pxui_achievement_core_078_外卖电.png"
"03-achievements","079","购物狂","achievement:079","UIATLAS_013_成长成就图标_02/UIATLAS_013_029_pxui_achievement_core_079_满购物.png"
"03-achievements","080","咖啡初号机","achievement:080","UIATLAS_013_成长成就图标_02/UIATLAS_013_030_pxui_achievement_core_080_咖啡.png"
"03-achievements","081","星巴克代言人","achievement:081","UIATLAS_013_成长成就图标_02/UIATLAS_013_031_pxui_achievement_core_081_咖啡.png"
"03-achievements","082","咖啡血液","achievement:082","UIATLAS_013_成长成就图标_02/UIATLAS_013_032_pxui_achievement_core_082_咖啡.png"
"03-achievements","083","炸鸡大王","achievement:083","UIATLAS_013_成长成就图标_02/UIATLAS_013_033_pxui_achievement_core_083_炸鸡桶.png"
"03-achievements","084","炸鸡王中王","achievement:084","UIATLAS_013_成长成就图标_02/UIATLAS_013_034_pxui_achievement_core_084_巨型炸.png"
"03-achievements","085","老吃家","achievement:085","UIATLAS_013_成长成就图标_02/UIATLAS_013_035_pxui_achievement_core_085_美食印.png"
"03-achievements","086","专教贵族椅","achievement:086","UIATLAS_013_成长成就图标_02/UIATLAS_013_036_pxui_achievement_core_086_人体工.png"
"03-achievements","087","音乐家","achievement:087","UIATLAS_013_成长成就图标_02/UIATLAS_013_037_pxui_achievement_core_087_唱片.png"
"03-achievements","088","精神股东","achievement:088","UIATLAS_013_成长成就图标_02/UIATLAS_013_038_pxui_achievement_core_088_咖啡.png"
"03-achievements","089","两情相悦","achievement:089","UIATLAS_013_成长成就图标_02/UIATLAS_013_039_pxui_achievement_core_089_爱心.png"
"03-achievements","090","分手快乐","achievement:090","UIATLAS_013_成长成就图标_02/UIATLAS_013_040_pxui_achievement_core_090_图纸.png"
"03-achievements","091","及时雨","achievement:091","UIATLAS_013_成长成就图标_02/UIATLAS_013_041_pxui_achievement_core_091_雨伞援.png"
"03-achievements","092","亚历山大","achievement:092","UIATLAS_013_成长成就图标_02/UIATLAS_013_042_pxui_achievement_core_092_红色压.png"
"03-achievements","093","即将力竭","achievement:093","UIATLAS_013_成长成就图标_02/UIATLAS_013_043_pxui_achievement_core_093_电池.png"
"03-achievements","094","燃尽了","achievement:094","UIATLAS_013_成长成就图标_02/UIATLAS_013_044_pxui_achievement_core_094_电池.png"
"03-achievements","095","耐压王","achievement:095","UIATLAS_013_成长成就图标_02/UIATLAS_013_045_pxui_achievement_core_095_高压盾.png"
"03-achievements","096","申请保研","achievement:096","UIATLAS_013_成长成就图标_02/UIATLAS_013_046_pxui_achievement_core_096_推免申.png"
"03-achievements","097","我要考研","achievement:097","UIATLAS_013_成长成就图标_02/UIATLAS_013_047_pxui_achievement_core_097_书.png"
"03-achievements","098","雅思初体验","achievement:098","UIATLAS_013_成长成就图标_02/UIATLAS_013_048_pxui_achievement_core_098_英文试.png"
"03-achievements","099","留学的想法","achievement:099","UIATLAS_013_成长成就图标_02/UIATLAS_013_049_pxui_achievement_core_099_护照申.png"
"03-achievements","100","报名选调","achievement:100","UIATLAS_013_成长成就图标_02/UIATLAS_013_050_pxui_achievement_core_100_红旗路.png"
"03-achievements","101","铁饭碗","achievement:101","UIATLAS_014_成长成就图标_03/UIATLAS_014_001_pxui_achievement_core_101_公文包.png"
"03-achievements","102","还是考编吧","achievement:102","UIATLAS_014_成长成就图标_03/UIATLAS_014_002_pxui_achievement_core_102_文件.png"
"03-achievements","103","坚守建筑","achievement:103","UIATLAS_014_成长成就图标_03/UIATLAS_014_003_pxui_achievement_core_103_建筑工.png"
"03-achievements","104","勇敢者","achievement:104","UIATLAS_014_成长成就图标_03/UIATLAS_014_004_pxui_achievement_core_104_大师外.png"
"03-achievements","105","转行","achievement:105","UIATLAS_014_成长成就图标_03/UIATLAS_014_005_pxui_achievement_core_105_岔路牌.png"
"03-achievements","106","十种人生","achievement:106","UIATLAS_014_成长成就图标_03/UIATLAS_014_006_pxui_achievement_core_106_结局卡.png"
"03-achievements","107","分岔成册","achievement:107","UIATLAS_014_成长成就图标_03/UIATLAS_014_007_pxui_achievement_core_107_分岔图.png"
"03-achievements","108","人生无限","achievement:108","UIATLAS_014_成长成就图标_03/UIATLAS_014_008_pxui_achievement_core_108_全结局.png"
"03-achievements","109","细节成册","achievement:109","UIATLAS_014_成长成就图标_03/UIATLAS_014_009_pxui_achievement_core_109_厚成就.png"
"03-achievements","110","百科全书","achievement:110","UIATLAS_014_成长成就图标_03/UIATLAS_014_010_pxui_achievement_core_110_书.png"
"03-achievements","111","无敌","achievement:111","UIATLAS_014_成长成就图标_03/UIATLAS_014_011_pxui_achievement_core_111_全成就.png"
"04-endings","001","留校读研——专教续费成功 ！","ending:001","UIATLAS_015_人生结局图标/UIATLAS_015_001_pxui_ending_001_本校录.png"
"04-endings","002","保研失败——名单上没有你的名字。","ending:002","UIATLAS_015_人生结局图标/UIATLAS_015_002_pxui_ending_002_落选名.png"
"04-endings","003","强校保研上岸","ending:003","UIATLAS_015_人生结局图标/UIATLAS_015_003_pxui_ending_003_名校校.png"
"04-endings","040","强校考研上岸","ending:040","33-route-postgrad-recommendation/009_梦中情校__UIATLAS_011_009_pxui_route_009_殿堂校.png"
"04-endings","004","稳妥考研上岸","ending:004","UIATLAS_015_人生结局图标/UIATLAS_015_004_pxui_ending_004_研究生.png"
"04-endings","005","再考一年——怕啥？你还没失败！","ending:005","UIATLAS_015_人生结局图标/UIATLAS_015_005_pxui_ending_005_书.png"
"04-endings","006","顶级名校留学","ending:006","UIATLAS_015_人生结局图标/UIATLAS_015_006_pxui_ending_006_护照.png"
"04-endings","007","海外强校来信","ending:007","UIATLAS_015_人生结局图标/UIATLAS_015_007_pxui_ending_007_海外录.png"
"04-endings","008","稳妥录取","ending:008","UIATLAS_015_人生结局图标/UIATLAS_015_008_pxui_ending_008_护照飞.png"
"04-endings","009","成功保底","ending:009","UIATLAS_015_人生结局图标/UIATLAS_015_009_pxui_ending_009_保底录.png"
"04-endings","010","出国申请落空——省了机票钱也好","ending:010","UIATLAS_015_人生结局图标/UIATLAS_015_010_pxui_ending_010_拒信.png"
"04-endings","011","选调回乡——最初的起点","ending:011","UIATLAS_015_人生结局图标/UIATLAS_015_011_pxui_ending_011_乡镇路.png"
"04-endings","012","国家部委——人民的建筑师","ending:012","UIATLAS_015_人生结局图标/UIATLAS_015_012_pxui_ending_012_国徽感.png"
"04-endings","013","省市厅局——铁饭碗里的建筑梦","ending:013","UIATLAS_015_人生结局图标/UIATLAS_015_013_pxui_ending_013_城市办.png"
"04-endings","014","教师编制——建筑叫兽","ending:014","UIATLAS_015_人生结局图标/UIATLAS_015_014_pxui_ending_014_黑板.png"
"04-endings","015","事业单位——稳定到可以养老。","ending:015","UIATLAS_015_人生结局图标/UIATLAS_015_015_pxui_ending_015_规划馆.png"
"04-endings","016","行政岗位——审批比画图还费眼！","ending:016","UIATLAS_015_人生结局图标/UIATLAS_015_016_pxui_ending_016_文件.png"
"04-endings","017","基础服务——为人民服务！","ending:017","UIATLAS_015_人生结局图标/UIATLAS_015_017_pxui_ending_017_基层小.png"
"04-endings","018","继续备考——别放弃，明年再战！","ending:018","UIATLAS_015_人生结局图标/UIATLAS_015_018_pxui_ending_018_书.png"
"04-endings","019","回乡待招录——回到出发的地方","ending:019","UIATLAS_015_人生结局图标/UIATLAS_015_019_pxui_ending_019_行李箱.png"
"04-endings","020","大师事务所——时代的先锋","ending:020","UIATLAS_015_人生结局图标/UIATLAS_015_020_pxui_ending_020_大师事.png"
"04-endings","021","外企事务所——英文可不简单哦！","ending:021","UIATLAS_015_人生结局图标/UIATLAS_015_021_pxui_ending_021_英文工.png"
"04-endings","022","国企设计院——铁饭碗里装枸杞！","ending:022","UIATLAS_015_人生结局图标/UIATLAS_015_022_pxui_ending_022_国企设.png"
"04-endings","023","地方设计院——小城市也有大剖面！","ending:023","UIATLAS_015_人生结局图标/UIATLAS_015_023_pxui_ending_023_图纸.png"
"04-endings","024","独立小型工作室——十平米里的无限可能！","ending:024","UIATLAS_015_人生结局图标/UIATLAS_015_024_pxui_ending_024_小工作.png"
"04-endings","025","求职待定——回去等通知吧！","ending:025","UIATLAS_015_人生结局图标/UIATLAS_015_025_pxui_ending_025_等待邮.png"
"04-endings","026","AI 产品经理——加入光荣的进化吧！","ending:026","UIATLAS_015_人生结局图标/UIATLAS_015_026_pxui_ending_026_头像.png"
"04-endings","027","游戏场景建模师——建模有感觉吗！？","ending:027","UIATLAS_015_人生结局图标/UIATLAS_015_027_pxui_ending_027_游戏场.png"
"04-endings","028","销售——商业世界欢迎你！","ending:028","UIATLAS_015_人生结局图标/UIATLAS_015_028_pxui_ending_028_商务名.png"
"04-endings","029","内容编辑——还不错的工作","ending:029","UIATLAS_015_人生结局图标/UIATLAS_015_029_pxui_ending_029_文章页.png"
"04-endings","030","插画师——理想主义也不错","ending:030","UIATLAS_015_人生结局图标/UIATLAS_015_030_pxui_ending_030_画笔.png"
"04-endings","031","没有退路的选择——一条最孤独之路","ending:031","UIATLAS_015_人生结局图标/UIATLAS_015_031_pxui_ending_031_火箭.png"
"04-endings","032","转行失败——转行可不是那么容易的！","ending:032","UIATLAS_015_人生结局图标/UIATLAS_015_032_pxui_ending_032_被退回.png"
"04-endings","033","稳定毕业——平平淡淡才是真！","ending:033","UIATLAS_015_人生结局图标/UIATLAS_015_033_pxui_ending_033_毕业证.png"
"04-endings","034","带伤毕业——你看起来有点糟！","ending:034","UIATLAS_015_人生结局图标/UIATLAS_015_034_pxui_ending_034_毕业证.png"
"04-endings","035","毕业失败——你被延毕了！","ending:035","UIATLAS_015_人生结局图标/UIATLAS_015_035_pxui_ending_035_延毕通.png"
"04-endings","036","你破产了——有感觉吗！？","ending:036","UIATLAS_015_人生结局图标/UIATLAS_015_036_pxui_ending_036_空钱包.png"
"04-endings","037","被迫停学——好好休息，同学","ending:037","UIATLAS_015_人生结局图标/UIATLAS_015_037_pxui_ending_037_红色压.png"
"04-endings","038","压力失控——好好休息，同学","ending:038","UIATLAS_015_人生结局图标/UIATLAS_015_038_pxui_ending_038_低分成.png"
"04-endings","039","连续挂科被劝退——也许你并不适合","ending:039","UIATLAS_015_人生结局图标/UIATLAS_015_039_pxui_ending_039_电池.png"
"05-normal-random-events","001","忘记保存","forgot_save","UIATLAS_017_普通随机事件图标_01/UIATLAS_017_001_pxui_random_normal_001_存档.png"
"05-normal-random-events","002","图层管理","layer_management","UIATLAS_017_普通随机事件图标_01/UIATLAS_017_002_pxui_random_normal_002_混乱图.png"
"05-normal-random-events","003","无头苍蝇","headless_fly","UIATLAS_017_普通随机事件图标_01/UIATLAS_017_003_pxui_random_normal_003_迷路苍.png"
"05-normal-random-events","004","操劳过度","overworked","UIATLAS_017_普通随机事件图标_01/UIATLAS_017_004_pxui_random_normal_004_趴睡绘.png"
"05-normal-random-events","005","Windows更新","windows_update","UIATLAS_017_普通随机事件图标_01/UIATLAS_017_005_pxui_random_normal_005_箭头.png"
"05-normal-random-events","006","小组合作","teamwork","UIATLAS_017_普通随机事件图标_01/UIATLAS_017_006_pxui_random_normal_006_被涂改.png"
"05-normal-random-events","007","豪气冲天","bossy_teammate","UIATLAS_017_普通随机事件图标_01/UIATLAS_017_007_pxui_random_normal_007_图纸.png"
"05-normal-random-events","008","豪到我了","teammate_talks_big","UIATLAS_017_普通随机事件图标_01/UIATLAS_017_008_pxui_random_normal_008_图纸.png"
"05-normal-random-events","009","神人队友","teammate_claims_credit","UIATLAS_017_普通随机事件图标_01/UIATLAS_017_009_pxui_random_normal_009_图纸.png"
"05-normal-random-events","010","汇报翻车","report_crash","UIATLAS_017_普通随机事件图标_01/UIATLAS_017_010_pxui_random_normal_010_翻倒讲.png"
"05-normal-random-events","011","CAD又崩溃了","cad_crash","UIATLAS_017_普通随机事件图标_01/UIATLAS_017_011_pxui_random_normal_011_崩溃窗.png"
"05-normal-random-events","012","熬夜后的梦话","allnight_sleep_talk","UIATLAS_017_普通随机事件图标_01/UIATLAS_017_012_pxui_random_normal_012_梦话气.png"
"05-normal-random-events","013","签到","attendance_check","UIATLAS_017_普通随机事件图标_01/UIATLAS_017_013_pxui_random_normal_013_点名册.png"
"05-normal-random-events","014","软件代差","software_gap","UIATLAS_017_普通随机事件图标_01/UIATLAS_017_014_pxui_random_normal_014_老旧软.png"
"05-normal-random-events","015","继续深化","keep_deepening","UIATLAS_017_普通随机事件图标_01/UIATLAS_017_015_pxui_random_normal_015_图纸.png"
"05-normal-random-events","016","方案撞车","same_scheme","UIATLAS_017_普通随机事件图标_01/UIATLAS_017_016_pxui_random_normal_016_两张相.png"
"05-normal-random-events","017","手抖与咖啡","shaky_hand_coffee","UIATLAS_017_普通随机事件图标_01/UIATLAS_017_017_pxui_random_normal_017_图纸.png"
"05-normal-random-events","018","硬盘坏了","hard_drive_bad","UIATLAS_017_普通随机事件图标_01/UIATLAS_017_018_pxui_random_normal_018_裂开硬.png"
"05-normal-random-events","019","感冒","cold","UIATLAS_017_普通随机事件图标_01/UIATLAS_017_019_pxui_random_normal_019_纸巾温.png"
"05-normal-random-events","020","电脑异响","computer_noise","UIATLAS_017_普通随机事件图标_01/UIATLAS_017_020_pxui_random_normal_020_冒烟风.png"
"05-normal-random-events","021","一段长语音","long_voice_message","UIATLAS_017_普通随机事件图标_01/UIATLAS_017_021_pxui_random_normal_021_语音气.png"
"05-normal-random-events","022","熬夜刷牙","allnight_toothbrush","UIATLAS_017_普通随机事件图标_01/UIATLAS_017_022_pxui_random_normal_022_洗面奶.png"
"05-normal-random-events","023","七版轮回","seven_versions","UIATLAS_017_普通随机事件图标_01/UIATLAS_017_023_pxui_random_normal_023_七张叠.png"
"05-normal-random-events","024","课设跑偏","studio_off_track","UIATLAS_017_普通随机事件图标_01/UIATLAS_017_024_pxui_random_normal_024_警示.png"
"05-normal-random-events","025","熬夜后遗症","allnight_aftereffect","UIATLAS_017_普通随机事件图标_01/UIATLAS_017_025_pxui_random_normal_025_总图变.png"
"05-normal-random-events","026","朋友圈翻车","moments_backfire","UIATLAS_017_普通随机事件图标_01/UIATLAS_017_026_pxui_random_normal_026_手机动.png"
"05-normal-random-events","027","还行的评价","fine_comment","UIATLAS_017_普通随机事件图标_01/UIATLAS_017_027_pxui_random_normal_027_勾.png"
"05-normal-random-events","028","熬夜冠军","allnight_champion","UIATLAS_017_普通随机事件图标_01/UIATLAS_017_028_pxui_random_normal_028_凌晨时.png"
"05-normal-random-events","029","小组群名","team_group_name","UIATLAS_017_普通随机事件图标_01/UIATLAS_017_029_pxui_random_normal_029_月亮.png"
"05-normal-random-events","030","进度","progress_question","UIATLAS_017_普通随机事件图标_01/UIATLAS_017_030_pxui_random_normal_030_空进度.png"
"05-normal-random-events","031","汇报超时","presentation_overtime","UIATLAS_017_普通随机事件图标_01/UIATLAS_017_031_pxui_random_normal_031_超时计.png"
"05-normal-random-events","032","陈旧的椅子","old_chair","UIATLAS_017_普通随机事件图标_01/UIATLAS_017_032_pxui_random_normal_032_断裂椅.png"
"05-normal-random-events","033","线型没分","lineweight_missing","UIATLAS_017_普通随机事件图标_01/UIATLAS_017_033_pxui_random_normal_033_同粗线.png"
"05-normal-random-events","034","老师的法宝","teacher_case_weapon","UIATLAS_017_普通随机事件图标_01/UIATLAS_017_034_pxui_random_normal_034_书.png"
"05-normal-random-events","035","依旧看案例","still_case_study","UIATLAS_017_普通随机事件图标_01/UIATLAS_017_035_pxui_random_normal_035_书.png"
"05-normal-random-events","036","买错尺寸","wrong_size","UIATLAS_017_普通随机事件图标_01/UIATLAS_017_036_pxui_random_normal_036_尺寸错.png"
"05-normal-random-events","037","AI味图纸","ai_flavored_sheet","UIATLAS_017_普通随机事件图标_01/UIATLAS_017_037_pxui_random_normal_037_图纸.png"
"05-normal-random-events","038","封面写错","cover_typo","UIATLAS_017_普通随机事件图标_01/UIATLAS_017_038_pxui_random_normal_038_封面红.png"
"05-normal-random-events","039","名字写错","name_typo","UIATLAS_017_普通随机事件图标_01/UIATLAS_017_039_pxui_random_normal_039_姓名栏.png"
"05-normal-random-events","040","Rhino崩溃","rhino_crash","UIATLAS_017_普通随机事件图标_01/UIATLAS_017_040_pxui_random_normal_040_崩溃犀.png"
"05-normal-random-events","041","手滑","slip_click","UIATLAS_017_普通随机事件图标_01/UIATLAS_017_041_pxui_random_normal_041_箭头.png"
"05-normal-random-events","042","大师陨落","master_passed","UIATLAS_017_普通随机事件图标_01/UIATLAS_017_042_pxui_random_normal_042_大师剪.png"
"05-normal-random-events","043","快递迟到","late_delivery","UIATLAS_017_普通随机事件图标_01/UIATLAS_017_043_pxui_random_normal_043_延迟包.png"
"05-normal-random-events","044","室友开黑","roommate_moba","UIATLAS_017_普通随机事件图标_01/UIATLAS_017_044_pxui_random_normal_044_游戏手.png"
"05-normal-random-events","045","颈椎病","neck_pain","UIATLAS_017_普通随机事件图标_01/UIATLAS_017_045_pxui_random_normal_045_颈椎骨.png"
"05-normal-random-events","046","病毒插件","virus_plugin","UIATLAS_017_普通随机事件图标_01/UIATLAS_017_046_pxui_random_normal_046_齿轮.png"
"05-normal-random-events","047","逆天甲方","wild_client","UIATLAS_017_普通随机事件图标_01/UIATLAS_017_047_pxui_random_normal_047_甲方红.png"
"05-normal-random-events","048","过时的风格","outdated_style","UIATLAS_017_普通随机事件图标_01/UIATLAS_017_048_pxui_random_normal_048_图纸.png"
"05-normal-random-events","049","比例瞎估","wrong_proportion","UIATLAS_017_普通随机事件图标_01/UIATLAS_017_049_pxui_random_normal_049_歪比例.png"
"05-normal-random-events","050","柱子排歪","crooked_columns","UIATLAS_017_普通随机事件图标_01/UIATLAS_017_050_pxui_random_normal_050_歪柱网.png"
"05-normal-random-events","051","楼梯算错","stairs_wrong","UIATLAS_018_普通随机事件图标_02/UIATLAS_018_001_pxui_random_normal_051_断裂楼.png"
"05-normal-random-events","052","没窗的立面","windowless_facade","UIATLAS_018_普通随机事件图标_02/UIATLAS_018_002_pxui_random_normal_052_无窗立.png"
"05-normal-random-events","053","材质贴反","wrong_material","UIATLAS_018_普通随机事件图标_02/UIATLAS_018_003_pxui_random_normal_053_反贴材.png"
"05-normal-random-events","054","抽筋","hand_cramp","UIATLAS_018_普通随机事件图标_02/UIATLAS_018_004_pxui_random_normal_054_抽筋手.png"
"05-normal-random-events","055","熬夜迟到","late_after_allnight","UIATLAS_018_普通随机事件图标_02/UIATLAS_018_005_pxui_random_normal_055_迟到闹.png"
"05-normal-random-events","056","电源忘带","forgot_charger","UIATLAS_018_普通随机事件图标_02/UIATLAS_018_006_pxui_random_normal_056_电池.png"
"05-normal-random-events","057","已读不回","read_no_reply","UIATLAS_018_普通随机事件图标_02/UIATLAS_018_007_pxui_random_normal_057_头像.png"
"05-normal-random-events","058","AI，你无敌了","ai_too_strong","UIATLAS_018_普通随机事件图标_02/UIATLAS_018_008_pxui_random_normal_058_皇冠渲.png"
"05-normal-random-events","059","Image2生图模型","image2_model","UIATLAS_018_普通随机事件图标_02/UIATLAS_018_009_pxui_random_normal_059_模型.png"
"05-normal-random-events","060","天选之人","chosen_attendance","UIATLAS_018_普通随机事件图标_02/UIATLAS_018_010_pxui_random_normal_060_点名单.png"
"05-normal-random-events","061","转专业","friend_transfers","UIATLAS_018_普通随机事件图标_02/UIATLAS_018_011_pxui_random_normal_061_背包.png"
"05-normal-random-events","062","挫败感","frustration","UIATLAS_018_普通随机事件图标_02/UIATLAS_018_012_pxui_random_normal_062_图纸.png"
"05-normal-random-events","063","沙漠","water_machine_broken","UIATLAS_018_普通随机事件图标_02/UIATLAS_018_013_pxui_random_normal_063_断水饮.png"
"05-normal-random-events","064","地狱体测","fitness_test_hell","UIATLAS_018_普通随机事件图标_02/UIATLAS_018_014_pxui_random_normal_064_学生.png"
"05-normal-random-events","065","小偷光临","glue_stolen","UIATLAS_018_普通随机事件图标_02/UIATLAS_018_015_pxui_random_normal_065_空胶水.png"
"05-normal-random-events","066","脆弱笔尖","fragile_pen_tip","UIATLAS_018_普通随机事件图标_02/UIATLAS_018_016_pxui_random_normal_066_断裂针.png"
"05-normal-random-events","067","刨图“高手”","scrape_master","UIATLAS_018_普通随机事件图标_02/UIATLAS_018_017_pxui_random_normal_067_图纸.png"
"05-normal-random-events","068","同辈压力","peer_pressure","UIATLAS_018_普通随机事件图标_02/UIATLAS_018_018_pxui_random_normal_068_大厂工.png"
"05-normal-random-events","069","简历空白","blank_resume","UIATLAS_018_普通随机事件图标_02/UIATLAS_018_019_pxui_random_normal_069_空白简.png"
"05-normal-random-events","070","家里的压力","family_pressure","UIATLAS_018_普通随机事件图标_02/UIATLAS_018_020_pxui_random_normal_070_电话.png"
"05-normal-random-events","071","超级加倍","double_depth","UIATLAS_018_普通随机事件图标_02/UIATLAS_018_021_pxui_random_normal_071_图纸.png"
"05-normal-random-events","072","雅思焦虑","ielts_anxiety","UIATLAS_018_普通随机事件图标_02/UIATLAS_018_022_pxui_random_normal_072_书.png"
"05-normal-random-events","073","保研边缘","recommendation_edge","UIATLAS_018_普通随机事件图标_02/UIATLAS_018_023_pxui_random_normal_073_保研线.png"
"05-normal-random-events","074","作品集撞车","portfolio_collision","UIATLAS_018_普通随机事件图标_02/UIATLAS_018_024_pxui_random_normal_074_两本相.png"
"05-normal-random-events","075","大四","senior_year_realization","UIATLAS_018_普通随机事件图标_02/UIATLAS_018_025_pxui_random_normal_075_倒计时.png"
"05-normal-random-events","076","教学视频","teaching_video","UIATLAS_018_普通随机事件图标_02/UIATLAS_018_026_pxui_random_normal_076_教学视.png"
"05-normal-random-events","077","灵光乍现","inspiration","UIATLAS_018_普通随机事件图标_02/UIATLAS_018_027_pxui_random_normal_077_浴室灯.png"
"05-normal-random-events","078","死党","best_friend","UIATLAS_018_普通随机事件图标_02/UIATLAS_018_028_pxui_random_normal_078_老友消.png"
"05-normal-random-events","079","美院看展","art_show","UIATLAS_018_普通随机事件图标_02/UIATLAS_018_029_pxui_random_normal_079_展览票.png"
"05-normal-random-events","080","红牛续命","redbull_lifeline","UIATLAS_018_普通随机事件图标_02/UIATLAS_018_030_pxui_random_normal_080_红牛罐.png"
"05-normal-random-events","081","意外表扬","teacher_praise","UIATLAS_018_普通随机事件图标_02/UIATLAS_018_031_pxui_random_normal_081_图纸.png"
"05-normal-random-events","082","凌晨的陪伴","dawn_company","UIATLAS_018_普通随机事件图标_02/UIATLAS_018_032_pxui_random_normal_082_凌晨红.png"
"05-normal-random-events","083","义父","food_savior","UIATLAS_018_普通随机事件图标_02/UIATLAS_018_033_pxui_random_normal_083_饭盒援.png"
"05-normal-random-events","084","快递提前","delivery_early_normal","UIATLAS_018_普通随机事件图标_02/UIATLAS_018_034_pxui_random_normal_084_勾.png"
"05-normal-random-events","085","意外的肯定","unexpected_approval","UIATLAS_018_普通随机事件图标_02/UIATLAS_018_035_pxui_random_normal_085_图纸.png"
"05-normal-random-events","086","一遍过","one_pass","UIATLAS_018_普通随机事件图标_02/UIATLAS_018_036_pxui_random_normal_086_图纸.png"
"05-normal-random-events","087","奶茶","milk_tea","UIATLAS_018_普通随机事件图标_02/UIATLAS_018_037_pxui_random_normal_087_奶茶杯.png"
"05-normal-random-events","088","教授的安慰","professor_comfort","UIATLAS_018_普通随机事件图标_02/UIATLAS_018_038_pxui_random_normal_088_学生.png"
"05-normal-random-events","089","学长的资料","senior_materials","UIATLAS_018_普通随机事件图标_02/UIATLAS_018_039_pxui_random_normal_089_文件.png"
"05-normal-random-events","090","学姐的笔记","senior_notes","UIATLAS_018_普通随机事件图标_02/UIATLAS_018_040_pxui_random_normal_090_标注笔.png"
"05-normal-random-events","091","课桌纸条","desk_note","UIATLAS_018_普通随机事件图标_02/UIATLAS_018_041_pxui_random_normal_091_课桌纸.png"
"05-normal-random-events","092","开窍","sudden_click","UIATLAS_018_普通随机事件图标_02/UIATLAS_018_042_pxui_random_normal_092_发光脑.png"
"05-normal-random-events","093","深夜顿悟","late_night_epiphany","UIATLAS_018_普通随机事件图标_02/UIATLAS_018_043_pxui_random_normal_093_书.png"
"05-normal-random-events","094","浑水摸鱼","ai_blend_in","UIATLAS_018_普通随机事件图标_02/UIATLAS_018_044_pxui_random_normal_094_分析图.png"
"05-normal-random-events","095","AI救急","ai_rescue","UIATLAS_018_普通随机事件图标_02/UIATLAS_018_045_pxui_random_normal_095_补剖面.png"
"05-normal-random-events","096","AI救我","ai_saves_team","UIATLAS_018_普通随机事件图标_02/UIATLAS_018_046_pxui_random_normal_096_拼合团.png"
"05-normal-random-events","097","灵感来源","ai_inspiration_source","UIATLAS_018_普通随机事件图标_02/UIATLAS_018_047_pxui_random_normal_097_抽象图.png"
"05-normal-random-events","098","AI试错","ai_trial","UIATLAS_018_普通随机事件图标_02/UIATLAS_018_048_pxui_random_normal_098_多版立.png"
"05-normal-random-events","099","学弟的夸奖","junior_praise","UIATLAS_018_普通随机事件图标_02/UIATLAS_018_049_pxui_random_normal_099_学弟点.png"
"05-normal-random-events","100","开小灶","extra_tutorial","UIATLAS_018_普通随机事件图标_02/UIATLAS_018_050_pxui_random_normal_100_小灶讲.png"
"05-normal-random-events","101","学长回信","senior_reply","UIATLAS_019_普通随机事件图标_03/UIATLAS_019_001_pxui_random_normal_101_长消息.png"
"05-normal-random-events","102","共享","shared_material","UIATLAS_019_普通随机事件图标_03/UIATLAS_019_002_pxui_random_normal_102_板递出.png"
"05-normal-random-events","103","改线","line_cleanup","UIATLAS_019_普通随机事件图标_03/UIATLAS_019_003_pxui_random_normal_103_整理线.png"
"05-normal-random-events","104","苦尽甘来","right_case_found","UIATLAS_019_普通随机事件图标_03/UIATLAS_019_004_pxui_random_normal_104_书.png"
"05-normal-random-events","105","幸运空位","lucky_seat","UIATLAS_019_普通随机事件图标_03/UIATLAS_019_005_pxui_random_normal_105_星光.png"
"05-normal-random-events","106","晚风","evening_wind","UIATLAS_019_普通随机事件图标_03/UIATLAS_019_006_pxui_random_normal_106_月亮.png"
"05-normal-random-events","107","出彩的方案","memorable_scheme","UIATLAS_019_普通随机事件图标_03/UIATLAS_019_007_pxui_random_normal_107_被记住.png"
"05-normal-random-events","108","学弟跑腿","junior_errand","UIATLAS_019_普通随机事件图标_03/UIATLAS_019_008_pxui_random_normal_108_学弟取.png"
"05-normal-random-events","109","手感","good_handfeel","UIATLAS_019_普通随机事件图标_03/UIATLAS_019_009_pxui_random_normal_109_顺手画.png"
"05-normal-random-events","110","好运灰色","perfect_gray","UIATLAS_019_普通随机事件图标_03/UIATLAS_019_010_pxui_random_normal_110_星光.png"
"05-normal-random-events","111","节点想通","node_understood","UIATLAS_019_普通随机事件图标_03/UIATLAS_019_011_pxui_random_normal_111_节点详.png"
"05-normal-random-events","112","点拨","teacher_hint","UIATLAS_019_普通随机事件图标_03/UIATLAS_019_012_pxui_random_normal_112_老师.png"
"05-normal-random-events","113","小红点","red_dot_reply","UIATLAS_019_普通随机事件图标_03/UIATLAS_019_013_pxui_random_normal_113_小红点.png"
"05-normal-random-events","114","救场","old_model_rescue","UIATLAS_019_普通随机事件图标_03/UIATLAS_019_014_pxui_random_normal_114_模型.png"
"05-normal-random-events","115","一次成","print_success","UIATLAS_019_普通随机事件图标_03/UIATLAS_019_015_pxui_random_normal_115_图纸.png"
"05-normal-random-events","116","借书","borrowed_book","UIATLAS_019_普通随机事件图标_03/UIATLAS_019_016_pxui_random_normal_116_书.png"
"05-normal-random-events","117","方案被记住","scheme_remembered","UIATLAS_019_普通随机事件图标_03/UIATLAS_019_017_pxui_random_normal_117_方案名.png"
"05-normal-random-events","118","学姐提醒","senior_reminder","UIATLAS_019_普通随机事件图标_03/UIATLAS_019_018_pxui_random_normal_118_截止日.png"
"05-normal-random-events","119","线稿很稳","steady_linework","UIATLAS_019_普通随机事件图标_03/UIATLAS_019_019_pxui_random_normal_119_稳定线.png"
"05-normal-random-events","120","建院晚霞","architecture_sunset","UIATLAS_019_普通随机事件图标_03/UIATLAS_019_020_pxui_random_normal_120_建院走.png"
"05-normal-random-events","121","专教日出","studio_sunrise","UIATLAS_019_普通随机事件图标_03/UIATLAS_019_021_pxui_random_normal_121_专教日.png"
"05-normal-random-events","122","角落的书","corner_book","UIATLAS_019_普通随机事件图标_03/UIATLAS_019_022_pxui_random_normal_122_书.png"
"05-normal-random-events","123","拾荒美学","scrap_aesthetics","UIATLAS_019_普通随机事件图标_03/UIATLAS_019_023_pxui_random_normal_123_星光.png"
"05-normal-random-events","124","早餐","breakfast_after_allnight","UIATLAS_019_普通随机事件图标_03/UIATLAS_019_024_pxui_random_normal_124_豆浆油.png"
"05-normal-random-events","125","好心人","kind_friend_scheme","UIATLAS_019_普通随机事件图标_03/UIATLAS_019_025_pxui_random_normal_125_勾.png"
"05-normal-random-events","126","暖心备注","warm_save_note","UIATLAS_019_普通随机事件图标_03/UIATLAS_019_026_pxui_random_normal_126_保存备.png"
"05-normal-random-events","127","睡爽了","slept_well","UIATLAS_019_普通随机事件图标_03/UIATLAS_019_027_pxui_random_normal_127_月亮.png"
"05-normal-random-events","128","义父的拯救","attendance_savior","UIATLAS_019_普通随机事件图标_03/UIATLAS_019_028_pxui_random_normal_128_点名册.png"
"05-normal-random-events","129","轻松绷住","lightly_holding","UIATLAS_019_普通随机事件图标_03/UIATLAS_019_029_pxui_random_normal_129_学生.png"
"05-normal-random-events","130","陶吉吉","birthday_tao","UIATLAS_019_普通随机事件图标_03/UIATLAS_019_030_pxui_random_normal_130_生日蛋.png"
"05-normal-random-events","131","周杰伦","jay_chou_memory","UIATLAS_019_普通随机事件图标_03/UIATLAS_019_031_pxui_random_normal_131_旧耳机.png"
"05-normal-random-events","132","五月天","mayday_stubborn","UIATLAS_019_普通随机事件图标_03/UIATLAS_019_032_pxui_random_normal_132_倔强音.png"
"05-normal-random-events","133","天上馅饼","free_pvc","UIATLAS_019_普通随机事件图标_03/UIATLAS_019_033_pxui_random_normal_133_板礼物.png"
"05-normal-random-events","134","少即是多","less_is_more_dream","UIATLAS_019_普通随机事件图标_03/UIATLAS_019_034_pxui_random_normal_134_密斯椅.png"
"05-normal-random-events","135","旧草图","old_sketch","UIATLAS_019_普通随机事件图标_03/UIATLAS_019_035_pxui_random_normal_135_旧草图.png"
"05-normal-random-events","136","军训合照","military_training_photo","UIATLAS_019_普通随机事件图标_03/UIATLAS_019_036_pxui_random_normal_136_军训合.png"
"05-normal-random-events","137","低年级礼物","junior_gift","UIATLAS_019_普通随机事件图标_03/UIATLAS_019_037_pxui_random_normal_137_手绘明.png"
"05-normal-random-events","138","专教最后一张自拍","last_studio_selfie","UIATLAS_019_普通随机事件图标_03/UIATLAS_019_038_pxui_random_normal_138_工位自.png"
"05-normal-random-events","139","成长","growth_comment","UIATLAS_019_普通随机事件图标_03/UIATLAS_019_039_pxui_random_normal_139_成长树.png"
"05-normal-random-events","140","便签","old_note","UIATLAS_019_普通随机事件图标_03/UIATLAS_019_040_pxui_random_normal_140_旧便签.png"
"05-normal-random-events","141","失落","last_billiards_room","UIATLAS_019_普通随机事件图标_03/UIATLAS_019_041_pxui_random_normal_141_台球.png"
"05-normal-random-events","142","合照","old_group_photo","UIATLAS_019_普通随机事件图标_03/UIATLAS_019_042_pxui_random_normal_142_设计课.png"
"05-normal-random-events","143","优秀作业","excellent_work_board","UIATLAS_019_普通随机事件图标_03/UIATLAS_019_043_pxui_random_normal_143_优秀作.png"
"06-interactive-events","001","恋爱危机","love_crisis","UIATLAS_020_交互事件图标/UIATLAS_020_001_pxui_random_interactive_001_书.png"
"06-interactive-events","002","搭讪","chat_up","UIATLAS_020_交互事件图标/UIATLAS_020_002_pxui_random_interactive_002_心动气.png"
"06-interactive-events","003","暧昧","ambiguous","UIATLAS_020_交互事件图标/UIATLAS_020_003_pxui_random_interactive_003_借尺子.png"
"06-interactive-events","004","天降红包","red_packet","UIATLAS_020_交互事件图标/UIATLAS_020_004_pxui_random_interactive_004_红包群.png"
"06-interactive-events","005","电脑蓝屏","computer_blue_screen","UIATLAS_020_交互事件图标/UIATLAS_020_005_pxui_random_interactive_005_电脑.png"
"06-interactive-events","006","到底是谁在设计","who_designs","UIATLAS_020_交互事件图标/UIATLAS_020_006_pxui_random_interactive_006_选择.png"
"06-interactive-events","007","AI草图","ai_sketch","UIATLAS_020_交互事件图标/UIATLAS_020_007_pxui_random_interactive_007_手绘草.png"
"06-interactive-events","008","偶遇","print_shop_meet","UIATLAS_020_交互事件图标/UIATLAS_020_008_pxui_random_interactive_008_打印店.png"
"06-interactive-events","009","借笔","borrow_pen","UIATLAS_020_交互事件图标/UIATLAS_020_009_pxui_random_interactive_009_借出的.png"
"06-interactive-events","010","一起看展板","look_board_together","UIATLAS_020_交互事件图标/UIATLAS_020_010_pxui_random_interactive_010_双人看.png"
"06-interactive-events","011","深夜同路","late_same_way","UIATLAS_020_交互事件图标/UIATLAS_020_011_pxui_random_interactive_011_深夜路.png"
"06-interactive-events","012","咖啡","coffee_from_them","UIATLAS_020_交互事件图标/UIATLAS_020_012_pxui_random_interactive_012_咖啡.png"
"06-interactive-events","013","讲座留座","lecture_seat","UIATLAS_020_交互事件图标/UIATLAS_020_013_pxui_random_interactive_013_讲座座.png"
"06-interactive-events","014","帮看方案","scheme_help","UIATLAS_020_交互事件图标/UIATLAS_020_014_pxui_random_interactive_014_双人看.png"
"06-interactive-events","015","借伞","borrow_umbrella","UIATLAS_020_交互事件图标/UIATLAS_020_015_pxui_random_interactive_015_雨伞双.png"
"06-interactive-events","016","顺路夜宵","night_snack_together","UIATLAS_020_交互事件图标/UIATLAS_020_016_pxui_random_interactive_016_夜宵摊.png"
"06-interactive-events","017","死党聚会","friend_party","UIATLAS_020_交互事件图标/UIATLAS_020_017_pxui_random_interactive_017_聚会餐.png"
"06-interactive-events","018","破解插件","cracked_plugin","UIATLAS_020_交互事件图标/UIATLAS_020_018_pxui_random_interactive_018_警示.png"
"06-interactive-events","019","深夜外卖","late_night_food","UIATLAS_020_交互事件图标/UIATLAS_020_019_pxui_random_interactive_019_夜宵外.png"
"06-interactive-events","020","软件更新","software_update","UIATLAS_020_交互事件图标/UIATLAS_020_020_pxui_random_interactive_020_齿轮.png"
"06-interactive-events","021","跨界交流","cross_exchange","UIATLAS_020_交互事件图标/UIATLAS_020_021_pxui_random_interactive_021_美院展.png"
"06-interactive-events","022","纠纷","laser_conflict","UIATLAS_020_交互事件图标/UIATLAS_020_022_pxui_random_interactive_022_激光切.png"
"06-interactive-events","023","求助","help_classmate","UIATLAS_020_交互事件图标/UIATLAS_020_023_pxui_random_interactive_023_图纸.png"
"06-interactive-events","024","画错轴线","wrong_axis","UIATLAS_020_交互事件图标/UIATLAS_020_024_pxui_random_interactive_024_叉.png"
"06-interactive-events","025","鸠占鹊巢","seat_taken","UIATLAS_020_交互事件图标/UIATLAS_020_025_pxui_random_interactive_025_书.png"
"06-interactive-events","026","电脑清灰","clean_pc","UIATLAS_020_交互事件图标/UIATLAS_020_026_pxui_random_interactive_026_清灰风.png"
"06-interactive-events","027","小组摆烂","team_slack","UIATLAS_020_交互事件图标/UIATLAS_020_027_pxui_random_interactive_027_图纸.png"
"06-interactive-events","028","图纸被咖啡洒了","coffee_on_drawing","UIATLAS_020_交互事件图标/UIATLAS_020_028_pxui_random_interactive_028_图纸.png"
"06-interactive-events","029","宿舍查寝","dorm_check","UIATLAS_020_交互事件图标/UIATLAS_020_029_pxui_random_interactive_029_查寝门.png"
"06-interactive-events","030","二手模型","second_hand_model","UIATLAS_020_交互事件图标/UIATLAS_020_030_pxui_random_interactive_030_模型.png"
"06-interactive-events","031","学妹请教","junior_scheme_help","UIATLAS_020_交互事件图标/UIATLAS_020_031_pxui_random_interactive_031_学妹方.png"
"06-interactive-events","032","分享会","senior_share","UIATLAS_020_交互事件图标/UIATLAS_020_032_pxui_random_interactive_032_分享会.png"
"06-interactive-events","033","大雨","heavy_rain","UIATLAS_020_交互事件图标/UIATLAS_020_033_pxui_random_interactive_033_图纸.png"
"06-interactive-events","034","室友打呼噜","roommate_snore","UIATLAS_020_交互事件图标/UIATLAS_020_034_pxui_random_interactive_034_呼噜气.png"
"06-interactive-events","035","抉择","skip_after_allnight","UIATLAS_020_交互事件图标/UIATLAS_020_035_pxui_random_interactive_035_逃课床.png"
"06-interactive-events","036","模型被猫踩","cat_model","UIATLAS_020_交互事件图标/UIATLAS_020_036_pxui_random_interactive_036_模型.png"
"06-interactive-events","037","老师让你重画","teacher_redraw","UIATLAS_020_交互事件图标/UIATLAS_020_037_pxui_random_interactive_037_重画红.png"
"06-interactive-events","038","被学妹问软件","junior_rhino","UIATLAS_020_交互事件图标/UIATLAS_020_038_pxui_random_interactive_038_头像.png"
"06-interactive-events","039","微信通过","wechat_accept","UIATLAS_020_交互事件图标/UIATLAS_020_039_pxui_random_interactive_039_通过好.png"
"06-interactive-events","040","听什么歌","music_choice","UIATLAS_020_交互事件图标/UIATLAS_020_040_pxui_random_interactive_040_选择.png"
"06-interactive-events","041","台球少年","billiards","UIATLAS_020_交互事件图标/UIATLAS_020_041_pxui_random_interactive_041_台球.png"
"06-interactive-events","042","王者荣耀","moba","UIATLAS_020_交互事件图标/UIATLAS_020_042_pxui_random_interactive_042_手机游.png"
"06-interactive-events","043","合唱比赛","choir","UIATLAS_020_交互事件图标/UIATLAS_020_043_pxui_random_interactive_043_麦克风.png"
"06-interactive-events","044","剧本杀","script_murder","UIATLAS_020_交互事件图标/UIATLAS_020_044_pxui_random_interactive_044_剧本卡.png"
"06-interactive-events","045","电影","movie","UIATLAS_020_交互事件图标/UIATLAS_020_045_pxui_random_interactive_045_电影票.png"
"06-interactive-events","046","演唱会","concert","UIATLAS_020_交互事件图标/UIATLAS_020_046_pxui_random_interactive_046_舞台.png"
"06-interactive-events","047","羽毛球","badminton","UIATLAS_020_交互事件图标/UIATLAS_020_047_pxui_random_interactive_047_羽毛球.png"
"06-interactive-events","048","一起跑步吗","run_together","UIATLAS_020_交互事件图标/UIATLAS_020_048_pxui_random_interactive_048_跑鞋.png"
"06-interactive-events","049","骑行的乐趣","cycling","UIATLAS_020_交互事件图标/UIATLAS_020_049_pxui_random_interactive_049_自行车.png"
"07-model-week-events","001","快递提前","model_delivery_early","UIATLAS_021_模型周事件图标/UIATLAS_021_001_pxui_random_model_001_勾.png"
"07-model-week-events","002","诡辩","model_argument","UIATLAS_021_模型周事件图标/UIATLAS_021_002_pxui_random_model_002_模型.png"
"07-model-week-events","003","一刀见直","model_clean_cut","UIATLAS_021_模型周事件图标/UIATLAS_021_003_pxui_random_model_003_模型.png"
"07-model-week-events","004","匀你一块","model_shared_piece","UIATLAS_021_模型周事件图标/UIATLAS_021_004_pxui_random_model_004_模型.png"
"07-model-week-events","005","路人的鼓励","model_passerby_encouragement","UIATLAS_021_模型周事件图标/UIATLAS_021_005_pxui_random_model_005_模型.png"
"07-model-week-events","006","老师点头","model_teacher_nod","UIATLAS_021_模型周事件图标/UIATLAS_021_006_pxui_random_model_006_老师.png"
"07-model-week-events","007","502胶水","model_502","UIATLAS_021_模型周事件图标/UIATLAS_021_007_pxui_random_model_007_胶水粘.png"
"07-model-week-events","008","贵价材料","model_expensive_material","UIATLAS_021_模型周事件图标/UIATLAS_021_008_pxui_random_model_008_模型.png"
"07-model-week-events","009","材料见底","model_material_empty","UIATLAS_021_模型周事件图标/UIATLAS_021_009_pxui_random_model_009_空材料.png"
"07-model-week-events","010","比例选错","model_wrong_scale","UIATLAS_021_模型周事件图标/UIATLAS_021_010_pxui_random_model_010_模型.png"
"07-model-week-events","011","美工刀伤","model_knife_cut","UIATLAS_021_模型周事件图标/UIATLAS_021_011_pxui_random_model_011_美工刀.png"
"07-model-week-events","012","模型过门","model_door_hit","UIATLAS_021_模型周事件图标/UIATLAS_021_012_pxui_random_model_012_模型.png"
"08-model-week-materials","001","手工切割","hand_cut","UIATLAS_004_周行动、项目、评图、模型/UIATLAS_004_028_pxui_action_028_美工刀.png"
"08-model-week-materials","002","激光切割","laser_cut","UIATLAS_004_周行动、项目、评图、模型/UIATLAS_004_029_pxui_action_029_激光头.png"
"08-model-week-materials","003","3D打印","print_3d","UIATLAS_004_周行动、项目、评图、模型/UIATLAS_004_030_pxui_action_030_模型.png"
"09-wanli-road-events","001","光之教堂","docs/events.md#万里路事件","UIATLAS_016_万里路地点事件/UIATLAS_016_001_pxui_wanli_001_光十字.png"
"09-wanli-road-events","002","朗香教堂","docs/events.md#万里路事件","UIATLAS_016_万里路地点事件/UIATLAS_016_002_pxui_wanli_002_弯顶白.png"
"09-wanli-road-events","003","萨伏伊别墅","docs/events.md#万里路事件","UIATLAS_016_万里路地点事件/UIATLAS_016_003_pxui_wanli_003_白色现.png"
"09-wanli-road-events","004","范斯沃斯住宅","docs/events.md#万里路事件","UIATLAS_016_万里路地点事件/UIATLAS_016_004_pxui_wanli_004_玻璃小.png"
"09-wanli-road-events","005","包豪斯校舍","docs/events.md#万里路事件","UIATLAS_016_万里路地点事件/UIATLAS_016_005_pxui_wanli_005_包豪斯.png"
"09-wanli-road-events","006","萨尔克生物研究所","docs/events.md#万里路事件","UIATLAS_016_万里路地点事件/UIATLAS_016_006_pxui_wanli_006_海边研.png"
"09-wanli-road-events","007","金贝尔美术馆","docs/events.md#万里路事件","UIATLAS_016_万里路地点事件/UIATLAS_016_007_pxui_wanli_007_拱顶美.png"
"09-wanli-road-events","008","苏州博物馆","docs/events.md#万里路事件","UIATLAS_016_万里路地点事件/UIATLAS_016_008_pxui_wanli_008_白墙灰.png"
"09-wanli-road-events","009","香港中银大厦","docs/events.md#万里路事件","UIATLAS_016_万里路地点事件/UIATLAS_016_009_pxui_wanli_009_三角高.png"
"09-wanli-road-events","010","流水别墅","docs/events.md#万里路事件","UIATLAS_016_万里路地点事件/UIATLAS_016_010_pxui_wanli_010_双石块.png"
"09-wanli-road-events","011","东京代官山茑屋书店","docs/events.md#万里路事件","UIATLAS_016_万里路地点事件/UIATLAS_016_011_pxui_wanli_011_瀑布别.png"
"09-wanli-road-events","012","柏林犹太博物馆","docs/events.md#万里路事件","UIATLAS_016_万里路地点事件/UIATLAS_016_012_pxui_wanli_012_阶梯学.png"
"10-internship-short-events","001","普通实习 1：第一张施工图","docs/events.md#实习期间短事件","UIATLAS_011_未来方向、岗位、实习、考试/UIATLAS_011_030_pxui_route_030_施工图.png"
"10-internship-short-events","002","普通实习 2：现场","docs/events.md#实习期间短事件","UIATLAS_004_周行动、项目、评图、模型/UIATLAS_004_004_pxui_action_004_地图.png"
"10-internship-short-events","003","普通实习 3：晚饭钱","docs/events.md#实习期间短事件","UIATLAS_002_状态数值与反馈/UIATLAS_002_004_pxui_stat_004_钱袋.png"
"10-internship-short-events","004","强所实习 1：会议室","docs/events.md#实习期间短事件","UIATLAS_011_未来方向、岗位、实习、考试/UIATLAS_011_021_pxui_route_021_讲台.png"
"10-internship-short-events","005","强所实习 2：红线","docs/events.md#实习期间短事件","UIATLAS_018_普通随机事件图标_02/UIATLAS_018_040_pxui_random_normal_090_标注笔.png"
"10-internship-short-events","006","强所实习 3：疯狂熬夜","docs/events.md#实习期间短事件","UIATLAS_004_周行动、项目、评图、模型/UIATLAS_004_006_pxui_action_006_夜灯.png"
"10-internship-short-events","007","名企实习 1：忙忙碌碌","docs/events.md#实习期间短事件","UIATLAS_011_未来方向、岗位、实习、考试/UIATLAS_011_024_pxui_route_024_普通工.png"
"10-internship-short-events","008","名企实习 2：英文缩写","docs/events.md#实习期间短事件","UIATLAS_011_未来方向、岗位、实习、考试/UIATLAS_011_029_pxui_route_029_英文邮.png"
"10-internship-short-events","009","名企实习 3：铭记","docs/events.md#实习期间短事件","UIATLAS_022_事件弹窗与徽章状态/UIATLAS_022_019_pxui_event_badge_019_徽章.png"
"11-character-skills","001","普通人：放平心态","CHARACTERS.skill","UIATLAS_002_状态数值与反馈/UIATLAS_002_038_pxui_stat_038_平静笑.png"
"11-character-skills","002","混的入：原地开摆","CHARACTERS.skill","UIATLAS_017_普通随机事件图标_01/UIATLAS_017_044_pxui_random_normal_044_游戏手.png"
"11-character-skills","003","不吃压力之人：睡醒再说","CHARACTERS.skill","UIATLAS_004_周行动、项目、评图、模型/UIATLAS_004_009_pxui_action_009_床.png"
"11-character-skills","004","设计赋能哥：降维打击","CHARACTERS.skill","UIATLAS_012_成长成就图标_01/UIATLAS_012_003_pxui_achievement_core_003_草图灯.png"
"11-character-skills","005","寒门贵子：逆天改命","CHARACTERS.skill","UIATLAS_012_成长成就图标_01/UIATLAS_012_010_pxui_achievement_core_010_王冠夜.png"
"11-character-skills","006","吃满压力之人：背水一战","CHARACTERS.skill","UIATLAS_002_状态数值与反馈/UIATLAS_002_018_pxui_stat_018_盾牌压.png"
"11-character-skills","007","未来的老板：钞能力启动","CHARACTERS.skill","UIATLAS_002_状态数值与反馈/UIATLAS_002_004_pxui_stat_004_钱袋.png"
"11-character-skills","008","投胎专家：爸妈爆金币","CHARACTERS.skill","UIATLAS_002_状态数值与反馈/UIATLAS_002_004_pxui_stat_004_钱袋.png"
"11-character-skills","009","基因叛逆者：爸妈救我","CHARACTERS.skill","UIATLAS_019_普通随机事件图标_03/UIATLAS_019_008_pxui_random_normal_108_学弟取.png"
"11-character-skills","010","小镇做题家：回到高中","CHARACTERS.skill","UIATLAS_011_未来方向、岗位、实习、考试/UIATLAS_011_005_pxui_route_005_答题卡.png"
"11-character-skills","011","柯布西耶继承者：爸妈救我","CHARACTERS.skill","UIATLAS_019_普通随机事件图标_03/UIATLAS_019_008_pxui_random_normal_108_学弟取.png"
"12-role-attributes","001","设计水平","ATTRIBUTE_LABELS","UIATLAS_008_角色属性图标/UIATLAS_008_001_pxui_role_036_模型.png"
"12-role-attributes","002","软件技术","ATTRIBUTE_LABELS","UIATLAS_008_角色属性图标/UIATLAS_008_002_pxui_role_037_芯片.png"
"12-role-attributes","003","创意审美","ATTRIBUTE_LABELS","UIATLAS_008_角色属性图标/UIATLAS_008_003_pxui_role_038_调色盘.png"
"12-role-attributes","004","汇报表达","ATTRIBUTE_LABELS","UIATLAS_008_角色属性图标/UIATLAS_008_004_pxui_role_039_麦克风.png"
"12-role-attributes","005","人际交往","ATTRIBUTE_LABELS","UIATLAS_008_角色属性图标/UIATLAS_008_005_pxui_role_040_头像.png"
"12-role-attributes","006","抗压能力","ATTRIBUTE_LABELS","UIATLAS_008_角色属性图标/UIATLAS_008_006_pxui_role_041_盾牌.png"
"13-risk-states","001","精力：常规状态","docs/systems.md#高危状态行动限制","UIATLAS_002_状态数值与反馈/UIATLAS_002_001_pxui_stat_001_电池.png"
"13-risk-states","002","精力高危：精力 < 30","docs/systems.md#高危状态行动限制","UIATLAS_002_状态数值与反馈/UIATLAS_002_020_pxui_stat_020_电池.png"
"13-risk-states","003","精力值域增加：精力上限","docs/systems.md#高危状态行动限制","UIATLAS_002_状态数值与反馈/UIATLAS_002_006_pxui_stat_006_电池.png"
"13-risk-states","004","压力：常规状态","docs/systems.md#高危状态行动限制","UIATLAS_002_状态数值与反馈/UIATLAS_002_002_pxui_stat_002_压力表.png"
"13-risk-states","005","压力高危：压力 > 80","docs/systems.md#高危状态行动限制","UIATLAS_002_状态数值与反馈/UIATLAS_002_021_pxui_stat_021_爆表压.png"
"13-risk-states","006","首次高危弹窗","docs/systems.md#高危状态行动限制","UIATLAS_022_事件弹窗与徽章状态/UIATLAS_022_009_pxui_event_badge_009_红色警.png"
"13-risk-states","007","高危行动禁用","docs/systems.md#高危状态行动限制","UIATLAS_002_状态数值与反馈/UIATLAS_002_032_pxui_stat_032_锁.png"
